{
  "epoch": 2,
  "device": "cpu",
  "best_score": 0.9547308319738989,
  "metrics": {
    "accuracy": 0.9556,
    "precision": 0.9737936772046589,
    "recall": 0.9364,
    "f1": 0.9547308319738989,
    "confusion_matrix": [
      [
        2437,
        63
      ],
      [
        159,
        2341
      ]
    ]
  },
  "labels": {
    "0": "cat",
    "1": "dog"
  }
}