{
  "epoch": 10,
  "device": "cuda",
  "best_score": 0.9605023293498076,
  "metrics": {
    "accuracy": 0.961,
    "precision": 0.9729175215428806,
    "recall": 0.9484,
    "f1": 0.9605023293498076,
    "confusion_matrix": [
      [
        2434,
        66
      ],
      [
        129,
        2371
      ]
    ]
  },
  "labels": {
    "0": "cat",
    "1": "dog"
  }
}